{"cameraMode":{"drawMode":0,"name":"Shaded","section":"Shading Mode"},"sceneLighting":true,"audioPlay":false,"sceneViewState":{"showFog":true,"showMaterialUpdate":false,"showSkybox":true,"showFlares":true,"showImageEffects":true,"showParticleSystems":true},"in2DMode":false,"pivot":{"x":-0.913707971572876,"y":-0.14521586894989015,"z":22.714799880981447},"rotation":{"x":-0.0168028324842453,"y":0.031201934441924096,"z":-0.0005251243710517883,"w":-0.9993717670440674},"size":21.168806076049806,"orthographic":false}